<?xml version="1.0" encoding="UTF-8"?>
<ConnectedApp xmlns="http://soap.sforce.com/2006/04/metadata">
    <contactEmail>keerthihope22@gmail.com</contactEmail>
    <description>To integrate nodejs with salesforce</description>
    <label>NodeJSInt</label>
    <oauthConfig>
        <callbackUrl>https://your-nodejs-app.com/oauth/callback</callbackUrl>
        <consumerKey>3MVG9WVXk15qiz1JyKlc_RN3St7JRxcaFLI6Iq2LdW3uu6OXBZ5ywD7E54NmW1YxYRN86H_mNIG.2FYgAPm31</consumerKey>
        <isAdminApproved>false</isAdminApproved>
        <isClientCredentialEnabled>false</isClientCredentialEnabled>
        <isCodeCredentialEnabled>false</isCodeCredentialEnabled>
        <isCodeCredentialPostOnly>false</isCodeCredentialPostOnly>
        <isConsumerSecretOptional>false</isConsumerSecretOptional>
        <isIntrospectAllTokens>false</isIntrospectAllTokens>
        <isNamedUserJwtEnabled>false</isNamedUserJwtEnabled>
        <isPkceRequired>false</isPkceRequired>
        <isRefreshTokenRotationEnabled>false</isRefreshTokenRotationEnabled>
        <isSecretRequiredForRefreshToken>true</isSecretRequiredForRefreshToken>
        <isSecretRequiredForTokenExchange>false</isSecretRequiredForTokenExchange>
        <isTokenExchangeEnabled>false</isTokenExchangeEnabled>
        <scopes>Api</scopes>
        <scopes>Web</scopes>
        <scopes>Full</scopes>
        <scopes>Chatter</scopes>
        <scopes>OpenID</scopes>
    </oauthConfig>
    <oauthPolicy>
        <ipRelaxation>ENFORCE</ipRelaxation>
        <isTokenExchangeFlowEnabled>false</isTokenExchangeFlowEnabled>
        <refreshTokenPolicy>infinite</refreshTokenPolicy>
    </oauthPolicy>
</ConnectedApp>
